{"data":[{"marker":{"color":"LightSkyBlue","line":{"width":2},"size":20},"mode":"markers+text","text":["session_end\u003cbr\u003eMax transition: 57.8%","session_start\u003cbr\u003eMax transition: 43.0%","application-window-opened\u003cbr\u003eMax transition: 30.3%","dashboard:my-book:widget:render\u003cbr\u003eMax transition: 53.0%","dashboard:my-book:configurable-table:render\u003cbr\u003eMax transition: 39.6%",":all-accounts:configurable-table:render\u003cbr\u003eMax transition: 78.7%",":all-accounts:widget:render\u003cbr\u003eMax transition: 69.0%",":all-accounts:layout:render\u003cbr\u003eMax transition: 94.9%",":all-accounts::view\u003cbr\u003eMax transition: 48.3%","account-lines::layout:render\u003cbr\u003eMax transition: 88.6%","account-lines:::view\u003cbr\u003eMax transition: 45.0%","account:::view\u003cbr\u003eMax transition: 68.6%","account-lines::widget:render\u003cbr\u003eMax transition: 44.2%","account-lines::configurable-table:render\u003cbr\u003eMax transition: 57.4%"],"textposition":"top center","x":[0.14276141452938906,0.4429926898097049,-0.6115775591179159,-0.7112972621098032,-0.40788414817798296,0.5657246273692624,0.9460063681385369,0.533423532258036,0.5180798369116695,-0.30641473393356694,-0.40854021932556955,-0.6608662088316145,-0.06702792264647989,0.024619585126334356],"y":[0.9940695215860331,0.7010836383005538,0.2961630537648191,0.8992788019002059,0.6262399174600529,-0.12760920001822498,-1.0,-0.988493011514228,-0.47037982679973417,-0.5905260976306941,-0.22161431248661012,-0.25949998875660635,-0.0361339171157604,0.17742142131019373],"type":"scatter"}],"layout":{"template":{"data":{"histogram2dcontour":[{"type":"histogram2dcontour","colorbar":{"outlinewidth":0,"ticks":""},"colorscale":[[0.0,"#0d0887"],[0.1111111111111111,"#46039f"],[0.2222222222222222,"#7201a8"],[0.3333333333333333,"#9c179e"],[0.4444444444444444,"#bd3786"],[0.5555555555555556,"#d8576b"],[0.6666666666666666,"#ed7953"],[0.7777777777777778,"#fb9f3a"],[0.8888888888888888,"#fdca26"],[1.0,"#f0f921"]]}],"choropleth":[{"type":"choropleth","colorbar":{"outlinewidth":0,"ticks":""}}],"histogram2d":[{"type":"histogram2d","colorbar":{"outlinewidth":0,"ticks":""},"colorscale":[[0.0,"#0d0887"],[0.1111111111111111,"#46039f"],[0.2222222222222222,"#7201a8"],[0.3333333333333333,"#9c179e"],[0.4444444444444444,"#bd3786"],[0.5555555555555556,"#d8576b"],[0.6666666666666666,"#ed7953"],[0.7777777777777778,"#fb9f3a"],[0.8888888888888888,"#fdca26"],[1.0,"#f0f921"]]}],"heatmap":[{"type":"heatmap","colorbar":{"outlinewidth":0,"ticks":""},"colorscale":[[0.0,"#0d0887"],[0.1111111111111111,"#46039f"],[0.2222222222222222,"#7201a8"],[0.3333333333333333,"#9c179e"],[0.4444444444444444,"#bd3786"],[0.5555555555555556,"#d8576b"],[0.6666666666666666,"#ed7953"],[0.7777777777777778,"#fb9f3a"],[0.8888888888888888,"#fdca26"],[1.0,"#f0f921"]]}],"heatmapgl":[{"type":"heatmapgl","colorbar":{"outlinewidth":0,"ticks":""},"colorscale":[[0.0,"#0d0887"],[0.1111111111111111,"#46039f"],[0.2222222222222222,"#7201a8"],[0.3333333333333333,"#9c179e"],[0.4444444444444444,"#bd3786"],[0.5555555555555556,"#d8576b"],[0.6666666666666666,"#ed7953"],[0.7777777777777778,"#fb9f3a"],[0.8888888888888888,"#fdca26"],[1.0,"#f0f921"]]}],"contourcarpet":[{"type":"contourcarpet","colorbar":{"outlinewidth":0,"ticks":""}}],"contour":[{"type":"contour","colorbar":{"outlinewidth":0,"ticks":""},"colorscale":[[0.0,"#0d0887"],[0.1111111111111111,"#46039f"],[0.2222222222222222,"#7201a8"],[0.3333333333333333,"#9c179e"],[0.4444444444444444,"#bd3786"],[0.5555555555555556,"#d8576b"],[0.6666666666666666,"#ed7953"],[0.7777777777777778,"#fb9f3a"],[0.8888888888888888,"#fdca26"],[1.0,"#f0f921"]]}],"surface":[{"type":"surface","colorbar":{"outlinewidth":0,"ticks":""},"colorscale":[[0.0,"#0d0887"],[0.1111111111111111,"#46039f"],[0.2222222222222222,"#7201a8"],[0.3333333333333333,"#9c179e"],[0.4444444444444444,"#bd3786"],[0.5555555555555556,"#d8576b"],[0.6666666666666666,"#ed7953"],[0.7777777777777778,"#fb9f3a"],[0.8888888888888888,"#fdca26"],[1.0,"#f0f921"]]}],"mesh3d":[{"type":"mesh3d","colorbar":{"outlinewidth":0,"ticks":""}}],"scatter":[{"fillpattern":{"fillmode":"overlay","size":10,"solidity":0.2},"type":"scatter"}],"parcoords":[{"type":"parcoords","line":{"colorbar":{"outlinewidth":0,"ticks":""}}}],"scatterpolargl":[{"type":"scatterpolargl","marker":{"colorbar":{"outlinewidth":0,"ticks":""}}}],"bar":[{"error_x":{"color":"#2a3f5f"},"error_y":{"color":"#2a3f5f"},"marker":{"line":{"color":"#E5ECF6","width":0.5},"pattern":{"fillmode":"overlay","size":10,"solidity":0.2}},"type":"bar"}],"scattergeo":[{"type":"scattergeo","marker":{"colorbar":{"outlinewidth":0,"ticks":""}}}],"scatterpolar":[{"type":"scatterpolar","marker":{"colorbar":{"outlinewidth":0,"ticks":""}}}],"histogram":[{"marker":{"pattern":{"fillmode":"overlay","size":10,"solidity":0.2}},"type":"histogram"}],"scattergl":[{"type":"scattergl","marker":{"colorbar":{"outlinewidth":0,"ticks":""}}}],"scatter3d":[{"type":"scatter3d","line":{"colorbar":{"outlinewidth":0,"ticks":""}},"marker":{"colorbar":{"outlinewidth":0,"ticks":""}}}],"scattermapbox":[{"type":"scattermapbox","marker":{"colorbar":{"outlinewidth":0,"ticks":""}}}],"scatterternary":[{"type":"scatterternary","marker":{"colorbar":{"outlinewidth":0,"ticks":""}}}],"scattercarpet":[{"type":"scattercarpet","marker":{"colorbar":{"outlinewidth":0,"ticks":""}}}],"carpet":[{"aaxis":{"endlinecolor":"#2a3f5f","gridcolor":"white","linecolor":"white","minorgridcolor":"white","startlinecolor":"#2a3f5f"},"baxis":{"endlinecolor":"#2a3f5f","gridcolor":"white","linecolor":"white","minorgridcolor":"white","startlinecolor":"#2a3f5f"},"type":"carpet"}],"table":[{"cells":{"fill":{"color":"#EBF0F8"},"line":{"color":"white"}},"header":{"fill":{"color":"#C8D4E3"},"line":{"color":"white"}},"type":"table"}],"barpolar":[{"marker":{"line":{"color":"#E5ECF6","width":0.5},"pattern":{"fillmode":"overlay","size":10,"solidity":0.2}},"type":"barpolar"}],"pie":[{"automargin":true,"type":"pie"}]},"layout":{"autotypenumbers":"strict","colorway":["#636efa","#EF553B","#00cc96","#ab63fa","#FFA15A","#19d3f3","#FF6692","#B6E880","#FF97FF","#FECB52"],"font":{"color":"#2a3f5f"},"hovermode":"closest","hoverlabel":{"align":"left"},"paper_bgcolor":"white","plot_bgcolor":"#E5ECF6","polar":{"bgcolor":"#E5ECF6","angularaxis":{"gridcolor":"white","linecolor":"white","ticks":""},"radialaxis":{"gridcolor":"white","linecolor":"white","ticks":""}},"ternary":{"bgcolor":"#E5ECF6","aaxis":{"gridcolor":"white","linecolor":"white","ticks":""},"baxis":{"gridcolor":"white","linecolor":"white","ticks":""},"caxis":{"gridcolor":"white","linecolor":"white","ticks":""}},"coloraxis":{"colorbar":{"outlinewidth":0,"ticks":""}},"colorscale":{"sequential":[[0.0,"#0d0887"],[0.1111111111111111,"#46039f"],[0.2222222222222222,"#7201a8"],[0.3333333333333333,"#9c179e"],[0.4444444444444444,"#bd3786"],[0.5555555555555556,"#d8576b"],[0.6666666666666666,"#ed7953"],[0.7777777777777778,"#fb9f3a"],[0.8888888888888888,"#fdca26"],[1.0,"#f0f921"]],"sequentialminus":[[0.0,"#0d0887"],[0.1111111111111111,"#46039f"],[0.2222222222222222,"#7201a8"],[0.3333333333333333,"#9c179e"],[0.4444444444444444,"#bd3786"],[0.5555555555555556,"#d8576b"],[0.6666666666666666,"#ed7953"],[0.7777777777777778,"#fb9f3a"],[0.8888888888888888,"#fdca26"],[1.0,"#f0f921"]],"diverging":[[0,"#8e0152"],[0.1,"#c51b7d"],[0.2,"#de77ae"],[0.3,"#f1b6da"],[0.4,"#fde0ef"],[0.5,"#f7f7f7"],[0.6,"#e6f5d0"],[0.7,"#b8e186"],[0.8,"#7fbc41"],[0.9,"#4d9221"],[1,"#276419"]]},"xaxis":{"gridcolor":"white","linecolor":"white","ticks":"","title":{"standoff":15},"zerolinecolor":"white","automargin":true,"zerolinewidth":2},"yaxis":{"gridcolor":"white","linecolor":"white","ticks":"","title":{"standoff":15},"zerolinecolor":"white","automargin":true,"zerolinewidth":2},"scene":{"xaxis":{"backgroundcolor":"#E5ECF6","gridcolor":"white","linecolor":"white","showbackground":true,"ticks":"","zerolinecolor":"white","gridwidth":2},"yaxis":{"backgroundcolor":"#E5ECF6","gridcolor":"white","linecolor":"white","showbackground":true,"ticks":"","zerolinecolor":"white","gridwidth":2},"zaxis":{"backgroundcolor":"#E5ECF6","gridcolor":"white","linecolor":"white","showbackground":true,"ticks":"","zerolinecolor":"white","gridwidth":2}},"shapedefaults":{"line":{"color":"#2a3f5f"}},"annotationdefaults":{"arrowcolor":"#2a3f5f","arrowhead":0,"arrowwidth":1},"geo":{"bgcolor":"white","landcolor":"#E5ECF6","subunitcolor":"white","showland":true,"showlakes":true,"lakecolor":"white"},"title":{"x":0.05},"mapbox":{"style":"light"}}},"xaxis":{"showgrid":false,"zeroline":false,"showticklabels":false},"yaxis":{"showgrid":false,"zeroline":false,"showticklabels":false},"title":{"text":"Filtered Event Flowchart with Likeliest Transition Percentages"},"showlegend":false,"annotations":[{"arrowcolor":"gray","arrowhead":3,"arrowsize":1,"arrowwidth":1,"ax":0.14276141452938906,"axref":"x","ay":0.9940695215860331,"ayref":"y","opacity":0.6,"showarrow":true,"x":0.4429926898097049,"xref":"x","y":0.7010836383005538,"yref":"y"},{"arrowcolor":"gray","arrowhead":3,"arrowsize":1,"arrowwidth":1,"ax":0.14276141452938906,"axref":"x","ay":0.9940695215860331,"ayref":"y","opacity":0.6,"showarrow":true,"x":-0.6115775591179159,"xref":"x","y":0.2961630537648191,"yref":"y"},{"arrowcolor":"gray","arrowhead":3,"arrowsize":1,"arrowwidth":1,"ax":0.14276141452938906,"axref":"x","ay":0.9940695215860331,"ayref":"y","opacity":0.6,"showarrow":true,"x":-0.40788414817798296,"xref":"x","y":0.6262399174600529,"yref":"y"},{"arrowcolor":"gray","arrowhead":3,"arrowsize":1,"arrowwidth":1,"ax":0.14276141452938906,"axref":"x","ay":0.9940695215860331,"ayref":"y","opacity":0.6,"showarrow":true,"x":-0.30641473393356694,"xref":"x","y":-0.5905260976306941,"yref":"y"},{"arrowcolor":"gray","arrowhead":3,"arrowsize":1,"arrowwidth":1,"ax":0.14276141452938906,"axref":"x","ay":0.9940695215860331,"ayref":"y","opacity":0.6,"showarrow":true,"x":0.9460063681385369,"xref":"x","y":-1.0,"yref":"y"},{"arrowcolor":"gray","arrowhead":3,"arrowsize":1,"arrowwidth":1,"ax":0.14276141452938906,"axref":"x","ay":0.9940695215860331,"ayref":"y","opacity":0.6,"showarrow":true,"x":0.5657246273692624,"xref":"x","y":-0.12760920001822498,"yref":"y"},{"arrowcolor":"gray","arrowhead":3,"arrowsize":1,"arrowwidth":1,"ax":0.14276141452938906,"axref":"x","ay":0.9940695215860331,"ayref":"y","opacity":0.6,"showarrow":true,"x":0.14276141452938906,"xref":"x","y":0.9940695215860331,"yref":"y"},{"arrowcolor":"gray","arrowhead":3,"arrowsize":1,"arrowwidth":1,"ax":0.14276141452938906,"axref":"x","ay":0.9940695215860331,"ayref":"y","opacity":0.6,"showarrow":true,"x":0.533423532258036,"xref":"x","y":-0.988493011514228,"yref":"y"},{"arrowcolor":"gray","arrowhead":3,"arrowsize":1,"arrowwidth":1,"ax":0.14276141452938906,"axref":"x","ay":0.9940695215860331,"ayref":"y","opacity":0.6,"showarrow":true,"x":-0.06702792264647989,"xref":"x","y":-0.0361339171157604,"yref":"y"},{"arrowcolor":"gray","arrowhead":3,"arrowsize":1,"arrowwidth":1,"ax":0.14276141452938906,"axref":"x","ay":0.9940695215860331,"ayref":"y","opacity":0.6,"showarrow":true,"x":0.024619585126334356,"xref":"x","y":0.17742142131019373,"yref":"y"},{"arrowcolor":"gray","arrowhead":3,"arrowsize":1,"arrowwidth":1,"ax":0.14276141452938906,"axref":"x","ay":0.9940695215860331,"ayref":"y","opacity":0.6,"showarrow":true,"x":-0.7112972621098032,"xref":"x","y":0.8992788019002059,"yref":"y"},{"arrowcolor":"gray","arrowhead":3,"arrowsize":1,"arrowwidth":1,"ax":0.14276141452938906,"axref":"x","ay":0.9940695215860331,"ayref":"y","opacity":0.6,"showarrow":true,"x":-0.6608662088316145,"xref":"x","y":-0.25949998875660635,"yref":"y"},{"arrowcolor":"gray","arrowhead":3,"arrowsize":1,"arrowwidth":1,"ax":0.14276141452938906,"axref":"x","ay":0.9940695215860331,"ayref":"y","opacity":0.6,"showarrow":true,"x":-0.40854021932556955,"xref":"x","y":-0.22161431248661012,"yref":"y"},{"arrowcolor":"gray","arrowhead":3,"arrowsize":1,"arrowwidth":1,"ax":0.4429926898097049,"axref":"x","ay":0.7010836383005538,"ayref":"y","opacity":0.6,"showarrow":true,"x":0.14276141452938906,"xref":"x","y":0.9940695215860331,"yref":"y"},{"arrowcolor":"gray","arrowhead":3,"arrowsize":1,"arrowwidth":1,"ax":0.4429926898097049,"axref":"x","ay":0.7010836383005538,"ayref":"y","opacity":0.6,"showarrow":true,"x":-0.40788414817798296,"xref":"x","y":0.6262399174600529,"yref":"y"},{"arrowcolor":"gray","arrowhead":3,"arrowsize":1,"arrowwidth":1,"ax":0.4429926898097049,"axref":"x","ay":0.7010836383005538,"ayref":"y","opacity":0.6,"showarrow":true,"x":0.4429926898097049,"xref":"x","y":0.7010836383005538,"yref":"y"},{"arrowcolor":"gray","arrowhead":3,"arrowsize":1,"arrowwidth":1,"ax":0.4429926898097049,"axref":"x","ay":0.7010836383005538,"ayref":"y","opacity":0.6,"showarrow":true,"x":-0.7112972621098032,"xref":"x","y":0.8992788019002059,"yref":"y"},{"arrowcolor":"gray","arrowhead":3,"arrowsize":1,"arrowwidth":1,"ax":0.4429926898097049,"axref":"x","ay":0.7010836383005538,"ayref":"y","opacity":0.6,"showarrow":true,"x":0.5657246273692624,"xref":"x","y":-0.12760920001822498,"yref":"y"},{"arrowcolor":"gray","arrowhead":3,"arrowsize":1,"arrowwidth":1,"ax":0.4429926898097049,"axref":"x","ay":0.7010836383005538,"ayref":"y","opacity":0.6,"showarrow":true,"x":-0.30641473393356694,"xref":"x","y":-0.5905260976306941,"yref":"y"},{"arrowcolor":"gray","arrowhead":3,"arrowsize":1,"arrowwidth":1,"ax":0.4429926898097049,"axref":"x","ay":0.7010836383005538,"ayref":"y","opacity":0.6,"showarrow":true,"x":-0.6608662088316145,"xref":"x","y":-0.25949998875660635,"yref":"y"},{"arrowcolor":"gray","arrowhead":3,"arrowsize":1,"arrowwidth":1,"ax":0.4429926898097049,"axref":"x","ay":0.7010836383005538,"ayref":"y","opacity":0.6,"showarrow":true,"x":-0.06702792264647989,"xref":"x","y":-0.0361339171157604,"yref":"y"},{"arrowcolor":"gray","arrowhead":3,"arrowsize":1,"arrowwidth":1,"ax":0.4429926898097049,"axref":"x","ay":0.7010836383005538,"ayref":"y","opacity":0.6,"showarrow":true,"x":-0.6115775591179159,"xref":"x","y":0.2961630537648191,"yref":"y"},{"arrowcolor":"gray","arrowhead":3,"arrowsize":1,"arrowwidth":1,"ax":0.4429926898097049,"axref":"x","ay":0.7010836383005538,"ayref":"y","opacity":0.6,"showarrow":true,"x":0.533423532258036,"xref":"x","y":-0.988493011514228,"yref":"y"},{"arrowcolor":"gray","arrowhead":3,"arrowsize":1,"arrowwidth":1,"ax":0.4429926898097049,"axref":"x","ay":0.7010836383005538,"ayref":"y","opacity":0.6,"showarrow":true,"x":0.024619585126334356,"xref":"x","y":0.17742142131019373,"yref":"y"},{"arrowcolor":"gray","arrowhead":3,"arrowsize":1,"arrowwidth":1,"ax":0.4429926898097049,"axref":"x","ay":0.7010836383005538,"ayref":"y","opacity":0.6,"showarrow":true,"x":0.9460063681385369,"xref":"x","y":-1.0,"yref":"y"},{"arrowcolor":"gray","arrowhead":3,"arrowsize":1,"arrowwidth":1,"ax":0.4429926898097049,"axref":"x","ay":0.7010836383005538,"ayref":"y","opacity":0.6,"showarrow":true,"x":-0.40854021932556955,"xref":"x","y":-0.22161431248661012,"yref":"y"},{"arrowcolor":"gray","arrowhead":3,"arrowsize":1,"arrowwidth":1,"ax":0.4429926898097049,"axref":"x","ay":0.7010836383005538,"ayref":"y","opacity":0.6,"showarrow":true,"x":0.5180798369116695,"xref":"x","y":-0.47037982679973417,"yref":"y"},{"arrowcolor":"gray","arrowhead":3,"arrowsize":1,"arrowwidth":1,"ax":-0.6115775591179159,"axref":"x","ay":0.2961630537648191,"ayref":"y","opacity":0.6,"showarrow":true,"x":-0.7112972621098032,"xref":"x","y":0.8992788019002059,"yref":"y"},{"arrowcolor":"gray","arrowhead":3,"arrowsize":1,"arrowwidth":1,"ax":-0.6115775591179159,"axref":"x","ay":0.2961630537648191,"ayref":"y","opacity":0.6,"showarrow":true,"x":0.4429926898097049,"xref":"x","y":0.7010836383005538,"yref":"y"},{"arrowcolor":"gray","arrowhead":3,"arrowsize":1,"arrowwidth":1,"ax":-0.6115775591179159,"axref":"x","ay":0.2961630537648191,"ayref":"y","opacity":0.6,"showarrow":true,"x":-0.30641473393356694,"xref":"x","y":-0.5905260976306941,"yref":"y"},{"arrowcolor":"gray","arrowhead":3,"arrowsize":1,"arrowwidth":1,"ax":-0.6115775591179159,"axref":"x","ay":0.2961630537648191,"ayref":"y","opacity":0.6,"showarrow":true,"x":-0.6608662088316145,"xref":"x","y":-0.25949998875660635,"yref":"y"},{"arrowcolor":"gray","arrowhead":3,"arrowsize":1,"arrowwidth":1,"ax":-0.6115775591179159,"axref":"x","ay":0.2961630537648191,"ayref":"y","opacity":0.6,"showarrow":true,"x":-0.40854021932556955,"xref":"x","y":-0.22161431248661012,"yref":"y"},{"arrowcolor":"gray","arrowhead":3,"arrowsize":1,"arrowwidth":1,"ax":-0.6115775591179159,"axref":"x","ay":0.2961630537648191,"ayref":"y","opacity":0.6,"showarrow":true,"x":0.5180798369116695,"xref":"x","y":-0.47037982679973417,"yref":"y"},{"arrowcolor":"gray","arrowhead":3,"arrowsize":1,"arrowwidth":1,"ax":-0.6115775591179159,"axref":"x","ay":0.2961630537648191,"ayref":"y","opacity":0.6,"showarrow":true,"x":-0.06702792264647989,"xref":"x","y":-0.0361339171157604,"yref":"y"},{"arrowcolor":"gray","arrowhead":3,"arrowsize":1,"arrowwidth":1,"ax":-0.6115775591179159,"axref":"x","ay":0.2961630537648191,"ayref":"y","opacity":0.6,"showarrow":true,"x":-0.6115775591179159,"xref":"x","y":0.2961630537648191,"yref":"y"},{"arrowcolor":"gray","arrowhead":3,"arrowsize":1,"arrowwidth":1,"ax":-0.6115775591179159,"axref":"x","ay":0.2961630537648191,"ayref":"y","opacity":0.6,"showarrow":true,"x":-0.40788414817798296,"xref":"x","y":0.6262399174600529,"yref":"y"},{"arrowcolor":"gray","arrowhead":3,"arrowsize":1,"arrowwidth":1,"ax":-0.6115775591179159,"axref":"x","ay":0.2961630537648191,"ayref":"y","opacity":0.6,"showarrow":true,"x":0.533423532258036,"xref":"x","y":-0.988493011514228,"yref":"y"},{"arrowcolor":"gray","arrowhead":3,"arrowsize":1,"arrowwidth":1,"ax":-0.6115775591179159,"axref":"x","ay":0.2961630537648191,"ayref":"y","opacity":0.6,"showarrow":true,"x":0.5657246273692624,"xref":"x","y":-0.12760920001822498,"yref":"y"},{"arrowcolor":"gray","arrowhead":3,"arrowsize":1,"arrowwidth":1,"ax":-0.6115775591179159,"axref":"x","ay":0.2961630537648191,"ayref":"y","opacity":0.6,"showarrow":true,"x":0.14276141452938906,"xref":"x","y":0.9940695215860331,"yref":"y"},{"arrowcolor":"gray","arrowhead":3,"arrowsize":1,"arrowwidth":1,"ax":-0.6115775591179159,"axref":"x","ay":0.2961630537648191,"ayref":"y","opacity":0.6,"showarrow":true,"x":0.024619585126334356,"xref":"x","y":0.17742142131019373,"yref":"y"},{"arrowcolor":"gray","arrowhead":3,"arrowsize":1,"arrowwidth":1,"ax":-0.7112972621098032,"axref":"x","ay":0.8992788019002059,"ayref":"y","opacity":0.6,"showarrow":true,"x":-0.7112972621098032,"xref":"x","y":0.8992788019002059,"yref":"y"},{"arrowcolor":"gray","arrowhead":3,"arrowsize":1,"arrowwidth":1,"ax":-0.7112972621098032,"axref":"x","ay":0.8992788019002059,"ayref":"y","opacity":0.6,"showarrow":true,"x":-0.40788414817798296,"xref":"x","y":0.6262399174600529,"yref":"y"},{"arrowcolor":"gray","arrowhead":3,"arrowsize":1,"arrowwidth":1,"ax":-0.7112972621098032,"axref":"x","ay":0.8992788019002059,"ayref":"y","opacity":0.6,"showarrow":true,"x":-0.6115775591179159,"xref":"x","y":0.2961630537648191,"yref":"y"},{"arrowcolor":"gray","arrowhead":3,"arrowsize":1,"arrowwidth":1,"ax":-0.7112972621098032,"axref":"x","ay":0.8992788019002059,"ayref":"y","opacity":0.6,"showarrow":true,"x":-0.30641473393356694,"xref":"x","y":-0.5905260976306941,"yref":"y"},{"arrowcolor":"gray","arrowhead":3,"arrowsize":1,"arrowwidth":1,"ax":-0.7112972621098032,"axref":"x","ay":0.8992788019002059,"ayref":"y","opacity":0.6,"showarrow":true,"x":0.5657246273692624,"xref":"x","y":-0.12760920001822498,"yref":"y"},{"arrowcolor":"gray","arrowhead":3,"arrowsize":1,"arrowwidth":1,"ax":-0.7112972621098032,"axref":"x","ay":0.8992788019002059,"ayref":"y","opacity":0.6,"showarrow":true,"x":-0.6608662088316145,"xref":"x","y":-0.25949998875660635,"yref":"y"},{"arrowcolor":"gray","arrowhead":3,"arrowsize":1,"arrowwidth":1,"ax":-0.7112972621098032,"axref":"x","ay":0.8992788019002059,"ayref":"y","opacity":0.6,"showarrow":true,"x":0.14276141452938906,"xref":"x","y":0.9940695215860331,"yref":"y"},{"arrowcolor":"gray","arrowhead":3,"arrowsize":1,"arrowwidth":1,"ax":-0.7112972621098032,"axref":"x","ay":0.8992788019002059,"ayref":"y","opacity":0.6,"showarrow":true,"x":0.4429926898097049,"xref":"x","y":0.7010836383005538,"yref":"y"},{"arrowcolor":"gray","arrowhead":3,"arrowsize":1,"arrowwidth":1,"ax":-0.7112972621098032,"axref":"x","ay":0.8992788019002059,"ayref":"y","opacity":0.6,"showarrow":true,"x":0.5180798369116695,"xref":"x","y":-0.47037982679973417,"yref":"y"},{"arrowcolor":"gray","arrowhead":3,"arrowsize":1,"arrowwidth":1,"ax":-0.7112972621098032,"axref":"x","ay":0.8992788019002059,"ayref":"y","opacity":0.6,"showarrow":true,"x":0.533423532258036,"xref":"x","y":-0.988493011514228,"yref":"y"},{"arrowcolor":"gray","arrowhead":3,"arrowsize":1,"arrowwidth":1,"ax":-0.7112972621098032,"axref":"x","ay":0.8992788019002059,"ayref":"y","opacity":0.6,"showarrow":true,"x":-0.06702792264647989,"xref":"x","y":-0.0361339171157604,"yref":"y"},{"arrowcolor":"gray","arrowhead":3,"arrowsize":1,"arrowwidth":1,"ax":-0.7112972621098032,"axref":"x","ay":0.8992788019002059,"ayref":"y","opacity":0.6,"showarrow":true,"x":-0.40854021932556955,"xref":"x","y":-0.22161431248661012,"yref":"y"},{"arrowcolor":"gray","arrowhead":3,"arrowsize":1,"arrowwidth":1,"ax":-0.7112972621098032,"axref":"x","ay":0.8992788019002059,"ayref":"y","opacity":0.6,"showarrow":true,"x":0.024619585126334356,"xref":"x","y":0.17742142131019373,"yref":"y"},{"arrowcolor":"gray","arrowhead":3,"arrowsize":1,"arrowwidth":1,"ax":-0.40788414817798296,"axref":"x","ay":0.6262399174600529,"ayref":"y","opacity":0.6,"showarrow":true,"x":-0.40788414817798296,"xref":"x","y":0.6262399174600529,"yref":"y"},{"arrowcolor":"gray","arrowhead":3,"arrowsize":1,"arrowwidth":1,"ax":-0.40788414817798296,"axref":"x","ay":0.6262399174600529,"ayref":"y","opacity":0.6,"showarrow":true,"x":0.4429926898097049,"xref":"x","y":0.7010836383005538,"yref":"y"},{"arrowcolor":"gray","arrowhead":3,"arrowsize":1,"arrowwidth":1,"ax":-0.40788414817798296,"axref":"x","ay":0.6262399174600529,"ayref":"y","opacity":0.6,"showarrow":true,"x":0.14276141452938906,"xref":"x","y":0.9940695215860331,"yref":"y"},{"arrowcolor":"gray","arrowhead":3,"arrowsize":1,"arrowwidth":1,"ax":-0.40788414817798296,"axref":"x","ay":0.6262399174600529,"ayref":"y","opacity":0.6,"showarrow":true,"x":-0.7112972621098032,"xref":"x","y":0.8992788019002059,"yref":"y"},{"arrowcolor":"gray","arrowhead":3,"arrowsize":1,"arrowwidth":1,"ax":-0.40788414817798296,"axref":"x","ay":0.6262399174600529,"ayref":"y","opacity":0.6,"showarrow":true,"x":0.533423532258036,"xref":"x","y":-0.988493011514228,"yref":"y"},{"arrowcolor":"gray","arrowhead":3,"arrowsize":1,"arrowwidth":1,"ax":-0.40788414817798296,"axref":"x","ay":0.6262399174600529,"ayref":"y","opacity":0.6,"showarrow":true,"x":-0.6608662088316145,"xref":"x","y":-0.25949998875660635,"yref":"y"},{"arrowcolor":"gray","arrowhead":3,"arrowsize":1,"arrowwidth":1,"ax":-0.40788414817798296,"axref":"x","ay":0.6262399174600529,"ayref":"y","opacity":0.6,"showarrow":true,"x":-0.6115775591179159,"xref":"x","y":0.2961630537648191,"yref":"y"},{"arrowcolor":"gray","arrowhead":3,"arrowsize":1,"arrowwidth":1,"ax":-0.40788414817798296,"axref":"x","ay":0.6262399174600529,"ayref":"y","opacity":0.6,"showarrow":true,"x":0.5180798369116695,"xref":"x","y":-0.47037982679973417,"yref":"y"},{"arrowcolor":"gray","arrowhead":3,"arrowsize":1,"arrowwidth":1,"ax":-0.40788414817798296,"axref":"x","ay":0.6262399174600529,"ayref":"y","opacity":0.6,"showarrow":true,"x":-0.30641473393356694,"xref":"x","y":-0.5905260976306941,"yref":"y"},{"arrowcolor":"gray","arrowhead":3,"arrowsize":1,"arrowwidth":1,"ax":-0.40788414817798296,"axref":"x","ay":0.6262399174600529,"ayref":"y","opacity":0.6,"showarrow":true,"x":-0.06702792264647989,"xref":"x","y":-0.0361339171157604,"yref":"y"},{"arrowcolor":"gray","arrowhead":3,"arrowsize":1,"arrowwidth":1,"ax":-0.40788414817798296,"axref":"x","ay":0.6262399174600529,"ayref":"y","opacity":0.6,"showarrow":true,"x":0.5657246273692624,"xref":"x","y":-0.12760920001822498,"yref":"y"},{"arrowcolor":"gray","arrowhead":3,"arrowsize":1,"arrowwidth":1,"ax":-0.40788414817798296,"axref":"x","ay":0.6262399174600529,"ayref":"y","opacity":0.6,"showarrow":true,"x":0.024619585126334356,"xref":"x","y":0.17742142131019373,"yref":"y"},{"arrowcolor":"gray","arrowhead":3,"arrowsize":1,"arrowwidth":1,"ax":-0.40788414817798296,"axref":"x","ay":0.6262399174600529,"ayref":"y","opacity":0.6,"showarrow":true,"x":-0.40854021932556955,"xref":"x","y":-0.22161431248661012,"yref":"y"},{"arrowcolor":"gray","arrowhead":3,"arrowsize":1,"arrowwidth":1,"ax":0.5657246273692624,"axref":"x","ay":-0.12760920001822498,"ayref":"y","opacity":0.6,"showarrow":true,"x":0.9460063681385369,"xref":"x","y":-1.0,"yref":"y"},{"arrowcolor":"gray","arrowhead":3,"arrowsize":1,"arrowwidth":1,"ax":0.5657246273692624,"axref":"x","ay":-0.12760920001822498,"ayref":"y","opacity":0.6,"showarrow":true,"x":-0.30641473393356694,"xref":"x","y":-0.5905260976306941,"yref":"y"},{"arrowcolor":"gray","arrowhead":3,"arrowsize":1,"arrowwidth":1,"ax":0.5657246273692624,"axref":"x","ay":-0.12760920001822498,"ayref":"y","opacity":0.6,"showarrow":true,"x":0.533423532258036,"xref":"x","y":-0.988493011514228,"yref":"y"},{"arrowcolor":"gray","arrowhead":3,"arrowsize":1,"arrowwidth":1,"ax":0.5657246273692624,"axref":"x","ay":-0.12760920001822498,"ayref":"y","opacity":0.6,"showarrow":true,"x":0.5657246273692624,"xref":"x","y":-0.12760920001822498,"yref":"y"},{"arrowcolor":"gray","arrowhead":3,"arrowsize":1,"arrowwidth":1,"ax":0.5657246273692624,"axref":"x","ay":-0.12760920001822498,"ayref":"y","opacity":0.6,"showarrow":true,"x":0.4429926898097049,"xref":"x","y":0.7010836383005538,"yref":"y"},{"arrowcolor":"gray","arrowhead":3,"arrowsize":1,"arrowwidth":1,"ax":0.5657246273692624,"axref":"x","ay":-0.12760920001822498,"ayref":"y","opacity":0.6,"showarrow":true,"x":-0.6115775591179159,"xref":"x","y":0.2961630537648191,"yref":"y"},{"arrowcolor":"gray","arrowhead":3,"arrowsize":1,"arrowwidth":1,"ax":0.5657246273692624,"axref":"x","ay":-0.12760920001822498,"ayref":"y","opacity":0.6,"showarrow":true,"x":-0.06702792264647989,"xref":"x","y":-0.0361339171157604,"yref":"y"},{"arrowcolor":"gray","arrowhead":3,"arrowsize":1,"arrowwidth":1,"ax":0.5657246273692624,"axref":"x","ay":-0.12760920001822498,"ayref":"y","opacity":0.6,"showarrow":true,"x":0.14276141452938906,"xref":"x","y":0.9940695215860331,"yref":"y"},{"arrowcolor":"gray","arrowhead":3,"arrowsize":1,"arrowwidth":1,"ax":0.5657246273692624,"axref":"x","ay":-0.12760920001822498,"ayref":"y","opacity":0.6,"showarrow":true,"x":-0.7112972621098032,"xref":"x","y":0.8992788019002059,"yref":"y"},{"arrowcolor":"gray","arrowhead":3,"arrowsize":1,"arrowwidth":1,"ax":0.5657246273692624,"axref":"x","ay":-0.12760920001822498,"ayref":"y","opacity":0.6,"showarrow":true,"x":0.5180798369116695,"xref":"x","y":-0.47037982679973417,"yref":"y"},{"arrowcolor":"gray","arrowhead":3,"arrowsize":1,"arrowwidth":1,"ax":0.5657246273692624,"axref":"x","ay":-0.12760920001822498,"ayref":"y","opacity":0.6,"showarrow":true,"x":-0.40788414817798296,"xref":"x","y":0.6262399174600529,"yref":"y"},{"arrowcolor":"gray","arrowhead":3,"arrowsize":1,"arrowwidth":1,"ax":0.5657246273692624,"axref":"x","ay":-0.12760920001822498,"ayref":"y","opacity":0.6,"showarrow":true,"x":-0.6608662088316145,"xref":"x","y":-0.25949998875660635,"yref":"y"},{"arrowcolor":"gray","arrowhead":3,"arrowsize":1,"arrowwidth":1,"ax":0.5657246273692624,"axref":"x","ay":-0.12760920001822498,"ayref":"y","opacity":0.6,"showarrow":true,"x":0.024619585126334356,"xref":"x","y":0.17742142131019373,"yref":"y"},{"arrowcolor":"gray","arrowhead":3,"arrowsize":1,"arrowwidth":1,"ax":0.5657246273692624,"axref":"x","ay":-0.12760920001822498,"ayref":"y","opacity":0.6,"showarrow":true,"x":-0.40854021932556955,"xref":"x","y":-0.22161431248661012,"yref":"y"},{"arrowcolor":"gray","arrowhead":3,"arrowsize":1,"arrowwidth":1,"ax":0.9460063681385369,"axref":"x","ay":-1.0,"ayref":"y","opacity":0.6,"showarrow":true,"x":0.533423532258036,"xref":"x","y":-0.988493011514228,"yref":"y"},{"arrowcolor":"gray","arrowhead":3,"arrowsize":1,"arrowwidth":1,"ax":0.9460063681385369,"axref":"x","ay":-1.0,"ayref":"y","opacity":0.6,"showarrow":true,"x":0.14276141452938906,"xref":"x","y":0.9940695215860331,"yref":"y"},{"arrowcolor":"gray","arrowhead":3,"arrowsize":1,"arrowwidth":1,"ax":0.9460063681385369,"axref":"x","ay":-1.0,"ayref":"y","opacity":0.6,"showarrow":true,"x":-0.30641473393356694,"xref":"x","y":-0.5905260976306941,"yref":"y"},{"arrowcolor":"gray","arrowhead":3,"arrowsize":1,"arrowwidth":1,"ax":0.9460063681385369,"axref":"x","ay":-1.0,"ayref":"y","opacity":0.6,"showarrow":true,"x":0.5657246273692624,"xref":"x","y":-0.12760920001822498,"yref":"y"},{"arrowcolor":"gray","arrowhead":3,"arrowsize":1,"arrowwidth":1,"ax":0.9460063681385369,"axref":"x","ay":-1.0,"ayref":"y","opacity":0.6,"showarrow":true,"x":0.5180798369116695,"xref":"x","y":-0.47037982679973417,"yref":"y"},{"arrowcolor":"gray","arrowhead":3,"arrowsize":1,"arrowwidth":1,"ax":0.9460063681385369,"axref":"x","ay":-1.0,"ayref":"y","opacity":0.6,"showarrow":true,"x":-0.6115775591179159,"xref":"x","y":0.2961630537648191,"yref":"y"},{"arrowcolor":"gray","arrowhead":3,"arrowsize":1,"arrowwidth":1,"ax":0.9460063681385369,"axref":"x","ay":-1.0,"ayref":"y","opacity":0.6,"showarrow":true,"x":-0.06702792264647989,"xref":"x","y":-0.0361339171157604,"yref":"y"},{"arrowcolor":"gray","arrowhead":3,"arrowsize":1,"arrowwidth":1,"ax":0.9460063681385369,"axref":"x","ay":-1.0,"ayref":"y","opacity":0.6,"showarrow":true,"x":0.4429926898097049,"xref":"x","y":0.7010836383005538,"yref":"y"},{"arrowcolor":"gray","arrowhead":3,"arrowsize":1,"arrowwidth":1,"ax":0.9460063681385369,"axref":"x","ay":-1.0,"ayref":"y","opacity":0.6,"showarrow":true,"x":0.9460063681385369,"xref":"x","y":-1.0,"yref":"y"},{"arrowcolor":"gray","arrowhead":3,"arrowsize":1,"arrowwidth":1,"ax":0.9460063681385369,"axref":"x","ay":-1.0,"ayref":"y","opacity":0.6,"showarrow":true,"x":-0.6608662088316145,"xref":"x","y":-0.25949998875660635,"yref":"y"},{"arrowcolor":"gray","arrowhead":3,"arrowsize":1,"arrowwidth":1,"ax":0.9460063681385369,"axref":"x","ay":-1.0,"ayref":"y","opacity":0.6,"showarrow":true,"x":-0.40788414817798296,"xref":"x","y":0.6262399174600529,"yref":"y"},{"arrowcolor":"gray","arrowhead":3,"arrowsize":1,"arrowwidth":1,"ax":0.9460063681385369,"axref":"x","ay":-1.0,"ayref":"y","opacity":0.6,"showarrow":true,"x":-0.7112972621098032,"xref":"x","y":0.8992788019002059,"yref":"y"},{"arrowcolor":"gray","arrowhead":3,"arrowsize":1,"arrowwidth":1,"ax":0.9460063681385369,"axref":"x","ay":-1.0,"ayref":"y","opacity":0.6,"showarrow":true,"x":-0.40854021932556955,"xref":"x","y":-0.22161431248661012,"yref":"y"},{"arrowcolor":"gray","arrowhead":3,"arrowsize":1,"arrowwidth":1,"ax":0.533423532258036,"axref":"x","ay":-0.988493011514228,"ayref":"y","opacity":0.6,"showarrow":true,"x":0.5180798369116695,"xref":"x","y":-0.47037982679973417,"yref":"y"},{"arrowcolor":"gray","arrowhead":3,"arrowsize":1,"arrowwidth":1,"ax":0.533423532258036,"axref":"x","ay":-0.988493011514228,"ayref":"y","opacity":0.6,"showarrow":true,"x":-0.30641473393356694,"xref":"x","y":-0.5905260976306941,"yref":"y"},{"arrowcolor":"gray","arrowhead":3,"arrowsize":1,"arrowwidth":1,"ax":0.533423532258036,"axref":"x","ay":-0.988493011514228,"ayref":"y","opacity":0.6,"showarrow":true,"x":0.5657246273692624,"xref":"x","y":-0.12760920001822498,"yref":"y"},{"arrowcolor":"gray","arrowhead":3,"arrowsize":1,"arrowwidth":1,"ax":0.533423532258036,"axref":"x","ay":-0.988493011514228,"ayref":"y","opacity":0.6,"showarrow":true,"x":0.9460063681385369,"xref":"x","y":-1.0,"yref":"y"},{"arrowcolor":"gray","arrowhead":3,"arrowsize":1,"arrowwidth":1,"ax":0.533423532258036,"axref":"x","ay":-0.988493011514228,"ayref":"y","opacity":0.6,"showarrow":true,"x":-0.06702792264647989,"xref":"x","y":-0.0361339171157604,"yref":"y"},{"arrowcolor":"gray","arrowhead":3,"arrowsize":1,"arrowwidth":1,"ax":0.533423532258036,"axref":"x","ay":-0.988493011514228,"ayref":"y","opacity":0.6,"showarrow":true,"x":-0.40854021932556955,"xref":"x","y":-0.22161431248661012,"yref":"y"},{"arrowcolor":"gray","arrowhead":3,"arrowsize":1,"arrowwidth":1,"ax":0.533423532258036,"axref":"x","ay":-0.988493011514228,"ayref":"y","opacity":0.6,"showarrow":true,"x":-0.6608662088316145,"xref":"x","y":-0.25949998875660635,"yref":"y"},{"arrowcolor":"gray","arrowhead":3,"arrowsize":1,"arrowwidth":1,"ax":0.533423532258036,"axref":"x","ay":-0.988493011514228,"ayref":"y","opacity":0.6,"showarrow":true,"x":0.533423532258036,"xref":"x","y":-0.988493011514228,"yref":"y"},{"arrowcolor":"gray","arrowhead":3,"arrowsize":1,"arrowwidth":1,"ax":0.533423532258036,"axref":"x","ay":-0.988493011514228,"ayref":"y","opacity":0.6,"showarrow":true,"x":-0.6115775591179159,"xref":"x","y":0.2961630537648191,"yref":"y"},{"arrowcolor":"gray","arrowhead":3,"arrowsize":1,"arrowwidth":1,"ax":0.533423532258036,"axref":"x","ay":-0.988493011514228,"ayref":"y","opacity":0.6,"showarrow":true,"x":-0.7112972621098032,"xref":"x","y":0.8992788019002059,"yref":"y"},{"arrowcolor":"gray","arrowhead":3,"arrowsize":1,"arrowwidth":1,"ax":0.533423532258036,"axref":"x","ay":-0.988493011514228,"ayref":"y","opacity":0.6,"showarrow":true,"x":0.14276141452938906,"xref":"x","y":0.9940695215860331,"yref":"y"},{"arrowcolor":"gray","arrowhead":3,"arrowsize":1,"arrowwidth":1,"ax":0.533423532258036,"axref":"x","ay":-0.988493011514228,"ayref":"y","opacity":0.6,"showarrow":true,"x":0.4429926898097049,"xref":"x","y":0.7010836383005538,"yref":"y"},{"arrowcolor":"gray","arrowhead":3,"arrowsize":1,"arrowwidth":1,"ax":0.533423532258036,"axref":"x","ay":-0.988493011514228,"ayref":"y","opacity":0.6,"showarrow":true,"x":0.024619585126334356,"xref":"x","y":0.17742142131019373,"yref":"y"},{"arrowcolor":"gray","arrowhead":3,"arrowsize":1,"arrowwidth":1,"ax":0.5180798369116695,"axref":"x","ay":-0.47037982679973417,"ayref":"y","opacity":0.6,"showarrow":true,"x":-0.30641473393356694,"xref":"x","y":-0.5905260976306941,"yref":"y"},{"arrowcolor":"gray","arrowhead":3,"arrowsize":1,"arrowwidth":1,"ax":0.5180798369116695,"axref":"x","ay":-0.47037982679973417,"ayref":"y","opacity":0.6,"showarrow":true,"x":0.5657246273692624,"xref":"x","y":-0.12760920001822498,"yref":"y"},{"arrowcolor":"gray","arrowhead":3,"arrowsize":1,"arrowwidth":1,"ax":0.5180798369116695,"axref":"x","ay":-0.47037982679973417,"ayref":"y","opacity":0.6,"showarrow":true,"x":-0.40788414817798296,"xref":"x","y":0.6262399174600529,"yref":"y"},{"arrowcolor":"gray","arrowhead":3,"arrowsize":1,"arrowwidth":1,"ax":0.5180798369116695,"axref":"x","ay":-0.47037982679973417,"ayref":"y","opacity":0.6,"showarrow":true,"x":0.533423532258036,"xref":"x","y":-0.988493011514228,"yref":"y"},{"arrowcolor":"gray","arrowhead":3,"arrowsize":1,"arrowwidth":1,"ax":0.5180798369116695,"axref":"x","ay":-0.47037982679973417,"ayref":"y","opacity":0.6,"showarrow":true,"x":-0.06702792264647989,"xref":"x","y":-0.0361339171157604,"yref":"y"},{"arrowcolor":"gray","arrowhead":3,"arrowsize":1,"arrowwidth":1,"ax":0.5180798369116695,"axref":"x","ay":-0.47037982679973417,"ayref":"y","opacity":0.6,"showarrow":true,"x":0.14276141452938906,"xref":"x","y":0.9940695215860331,"yref":"y"},{"arrowcolor":"gray","arrowhead":3,"arrowsize":1,"arrowwidth":1,"ax":0.5180798369116695,"axref":"x","ay":-0.47037982679973417,"ayref":"y","opacity":0.6,"showarrow":true,"x":-0.6115775591179159,"xref":"x","y":0.2961630537648191,"yref":"y"},{"arrowcolor":"gray","arrowhead":3,"arrowsize":1,"arrowwidth":1,"ax":0.5180798369116695,"axref":"x","ay":-0.47037982679973417,"ayref":"y","opacity":0.6,"showarrow":true,"x":0.9460063681385369,"xref":"x","y":-1.0,"yref":"y"},{"arrowcolor":"gray","arrowhead":3,"arrowsize":1,"arrowwidth":1,"ax":0.5180798369116695,"axref":"x","ay":-0.47037982679973417,"ayref":"y","opacity":0.6,"showarrow":true,"x":0.4429926898097049,"xref":"x","y":0.7010836383005538,"yref":"y"},{"arrowcolor":"gray","arrowhead":3,"arrowsize":1,"arrowwidth":1,"ax":0.5180798369116695,"axref":"x","ay":-0.47037982679973417,"ayref":"y","opacity":0.6,"showarrow":true,"x":0.5180798369116695,"xref":"x","y":-0.47037982679973417,"yref":"y"},{"arrowcolor":"gray","arrowhead":3,"arrowsize":1,"arrowwidth":1,"ax":0.5180798369116695,"axref":"x","ay":-0.47037982679973417,"ayref":"y","opacity":0.6,"showarrow":true,"x":-0.7112972621098032,"xref":"x","y":0.8992788019002059,"yref":"y"},{"arrowcolor":"gray","arrowhead":3,"arrowsize":1,"arrowwidth":1,"ax":0.5180798369116695,"axref":"x","ay":-0.47037982679973417,"ayref":"y","opacity":0.6,"showarrow":true,"x":-0.6608662088316145,"xref":"x","y":-0.25949998875660635,"yref":"y"},{"arrowcolor":"gray","arrowhead":3,"arrowsize":1,"arrowwidth":1,"ax":0.5180798369116695,"axref":"x","ay":-0.47037982679973417,"ayref":"y","opacity":0.6,"showarrow":true,"x":0.024619585126334356,"xref":"x","y":0.17742142131019373,"yref":"y"},{"arrowcolor":"gray","arrowhead":3,"arrowsize":1,"arrowwidth":1,"ax":0.5180798369116695,"axref":"x","ay":-0.47037982679973417,"ayref":"y","opacity":0.6,"showarrow":true,"x":-0.40854021932556955,"xref":"x","y":-0.22161431248661012,"yref":"y"},{"arrowcolor":"gray","arrowhead":3,"arrowsize":1,"arrowwidth":1,"ax":-0.30641473393356694,"axref":"x","ay":-0.5905260976306941,"ayref":"y","opacity":0.6,"showarrow":true,"x":-0.40854021932556955,"xref":"x","y":-0.22161431248661012,"yref":"y"},{"arrowcolor":"gray","arrowhead":3,"arrowsize":1,"arrowwidth":1,"ax":-0.30641473393356694,"axref":"x","ay":-0.5905260976306941,"ayref":"y","opacity":0.6,"showarrow":true,"x":-0.06702792264647989,"xref":"x","y":-0.0361339171157604,"yref":"y"},{"arrowcolor":"gray","arrowhead":3,"arrowsize":1,"arrowwidth":1,"ax":-0.30641473393356694,"axref":"x","ay":-0.5905260976306941,"ayref":"y","opacity":0.6,"showarrow":true,"x":-0.6608662088316145,"xref":"x","y":-0.25949998875660635,"yref":"y"},{"arrowcolor":"gray","arrowhead":3,"arrowsize":1,"arrowwidth":1,"ax":-0.30641473393356694,"axref":"x","ay":-0.5905260976306941,"ayref":"y","opacity":0.6,"showarrow":true,"x":0.4429926898097049,"xref":"x","y":0.7010836383005538,"yref":"y"},{"arrowcolor":"gray","arrowhead":3,"arrowsize":1,"arrowwidth":1,"ax":-0.30641473393356694,"axref":"x","ay":-0.5905260976306941,"ayref":"y","opacity":0.6,"showarrow":true,"x":-0.30641473393356694,"xref":"x","y":-0.5905260976306941,"yref":"y"},{"arrowcolor":"gray","arrowhead":3,"arrowsize":1,"arrowwidth":1,"ax":-0.30641473393356694,"axref":"x","ay":-0.5905260976306941,"ayref":"y","opacity":0.6,"showarrow":true,"x":0.024619585126334356,"xref":"x","y":0.17742142131019373,"yref":"y"},{"arrowcolor":"gray","arrowhead":3,"arrowsize":1,"arrowwidth":1,"ax":-0.30641473393356694,"axref":"x","ay":-0.5905260976306941,"ayref":"y","opacity":0.6,"showarrow":true,"x":0.5657246273692624,"xref":"x","y":-0.12760920001822498,"yref":"y"},{"arrowcolor":"gray","arrowhead":3,"arrowsize":1,"arrowwidth":1,"ax":-0.30641473393356694,"axref":"x","ay":-0.5905260976306941,"ayref":"y","opacity":0.6,"showarrow":true,"x":-0.6115775591179159,"xref":"x","y":0.2961630537648191,"yref":"y"},{"arrowcolor":"gray","arrowhead":3,"arrowsize":1,"arrowwidth":1,"ax":-0.30641473393356694,"axref":"x","ay":-0.5905260976306941,"ayref":"y","opacity":0.6,"showarrow":true,"x":0.14276141452938906,"xref":"x","y":0.9940695215860331,"yref":"y"},{"arrowcolor":"gray","arrowhead":3,"arrowsize":1,"arrowwidth":1,"ax":-0.30641473393356694,"axref":"x","ay":-0.5905260976306941,"ayref":"y","opacity":0.6,"showarrow":true,"x":0.5180798369116695,"xref":"x","y":-0.47037982679973417,"yref":"y"},{"arrowcolor":"gray","arrowhead":3,"arrowsize":1,"arrowwidth":1,"ax":-0.30641473393356694,"axref":"x","ay":-0.5905260976306941,"ayref":"y","opacity":0.6,"showarrow":true,"x":0.533423532258036,"xref":"x","y":-0.988493011514228,"yref":"y"},{"arrowcolor":"gray","arrowhead":3,"arrowsize":1,"arrowwidth":1,"ax":-0.30641473393356694,"axref":"x","ay":-0.5905260976306941,"ayref":"y","opacity":0.6,"showarrow":true,"x":-0.7112972621098032,"xref":"x","y":0.8992788019002059,"yref":"y"},{"arrowcolor":"gray","arrowhead":3,"arrowsize":1,"arrowwidth":1,"ax":-0.40854021932556955,"axref":"x","ay":-0.22161431248661012,"ayref":"y","opacity":0.6,"showarrow":true,"x":-0.6608662088316145,"xref":"x","y":-0.25949998875660635,"yref":"y"},{"arrowcolor":"gray","arrowhead":3,"arrowsize":1,"arrowwidth":1,"ax":-0.40854021932556955,"axref":"x","ay":-0.22161431248661012,"ayref":"y","opacity":0.6,"showarrow":true,"x":-0.06702792264647989,"xref":"x","y":-0.0361339171157604,"yref":"y"},{"arrowcolor":"gray","arrowhead":3,"arrowsize":1,"arrowwidth":1,"ax":-0.40854021932556955,"axref":"x","ay":-0.22161431248661012,"ayref":"y","opacity":0.6,"showarrow":true,"x":-0.30641473393356694,"xref":"x","y":-0.5905260976306941,"yref":"y"},{"arrowcolor":"gray","arrowhead":3,"arrowsize":1,"arrowwidth":1,"ax":-0.40854021932556955,"axref":"x","ay":-0.22161431248661012,"ayref":"y","opacity":0.6,"showarrow":true,"x":0.5657246273692624,"xref":"x","y":-0.12760920001822498,"yref":"y"},{"arrowcolor":"gray","arrowhead":3,"arrowsize":1,"arrowwidth":1,"ax":-0.40854021932556955,"axref":"x","ay":-0.22161431248661012,"ayref":"y","opacity":0.6,"showarrow":true,"x":0.024619585126334356,"xref":"x","y":0.17742142131019373,"yref":"y"},{"arrowcolor":"gray","arrowhead":3,"arrowsize":1,"arrowwidth":1,"ax":-0.40854021932556955,"axref":"x","ay":-0.22161431248661012,"ayref":"y","opacity":0.6,"showarrow":true,"x":0.4429926898097049,"xref":"x","y":0.7010836383005538,"yref":"y"},{"arrowcolor":"gray","arrowhead":3,"arrowsize":1,"arrowwidth":1,"ax":-0.40854021932556955,"axref":"x","ay":-0.22161431248661012,"ayref":"y","opacity":0.6,"showarrow":true,"x":-0.40854021932556955,"xref":"x","y":-0.22161431248661012,"yref":"y"},{"arrowcolor":"gray","arrowhead":3,"arrowsize":1,"arrowwidth":1,"ax":-0.40854021932556955,"axref":"x","ay":-0.22161431248661012,"ayref":"y","opacity":0.6,"showarrow":true,"x":0.14276141452938906,"xref":"x","y":0.9940695215860331,"yref":"y"},{"arrowcolor":"gray","arrowhead":3,"arrowsize":1,"arrowwidth":1,"ax":-0.40854021932556955,"axref":"x","ay":-0.22161431248661012,"ayref":"y","opacity":0.6,"showarrow":true,"x":-0.40788414817798296,"xref":"x","y":0.6262399174600529,"yref":"y"},{"arrowcolor":"gray","arrowhead":3,"arrowsize":1,"arrowwidth":1,"ax":-0.40854021932556955,"axref":"x","ay":-0.22161431248661012,"ayref":"y","opacity":0.6,"showarrow":true,"x":0.533423532258036,"xref":"x","y":-0.988493011514228,"yref":"y"},{"arrowcolor":"gray","arrowhead":3,"arrowsize":1,"arrowwidth":1,"ax":-0.40854021932556955,"axref":"x","ay":-0.22161431248661012,"ayref":"y","opacity":0.6,"showarrow":true,"x":-0.6115775591179159,"xref":"x","y":0.2961630537648191,"yref":"y"},{"arrowcolor":"gray","arrowhead":3,"arrowsize":1,"arrowwidth":1,"ax":-0.40854021932556955,"axref":"x","ay":-0.22161431248661012,"ayref":"y","opacity":0.6,"showarrow":true,"x":-0.7112972621098032,"xref":"x","y":0.8992788019002059,"yref":"y"},{"arrowcolor":"gray","arrowhead":3,"arrowsize":1,"arrowwidth":1,"ax":-0.40854021932556955,"axref":"x","ay":-0.22161431248661012,"ayref":"y","opacity":0.6,"showarrow":true,"x":0.9460063681385369,"xref":"x","y":-1.0,"yref":"y"},{"arrowcolor":"gray","arrowhead":3,"arrowsize":1,"arrowwidth":1,"ax":-0.6608662088316145,"axref":"x","ay":-0.25949998875660635,"ayref":"y","opacity":0.6,"showarrow":true,"x":-0.06702792264647989,"xref":"x","y":-0.0361339171157604,"yref":"y"},{"arrowcolor":"gray","arrowhead":3,"arrowsize":1,"arrowwidth":1,"ax":-0.6608662088316145,"axref":"x","ay":-0.25949998875660635,"ayref":"y","opacity":0.6,"showarrow":true,"x":-0.30641473393356694,"xref":"x","y":-0.5905260976306941,"yref":"y"},{"arrowcolor":"gray","arrowhead":3,"arrowsize":1,"arrowwidth":1,"ax":-0.6608662088316145,"axref":"x","ay":-0.25949998875660635,"ayref":"y","opacity":0.6,"showarrow":true,"x":-0.40788414817798296,"xref":"x","y":0.6262399174600529,"yref":"y"},{"arrowcolor":"gray","arrowhead":3,"arrowsize":1,"arrowwidth":1,"ax":-0.6608662088316145,"axref":"x","ay":-0.25949998875660635,"ayref":"y","opacity":0.6,"showarrow":true,"x":-0.40854021932556955,"xref":"x","y":-0.22161431248661012,"yref":"y"},{"arrowcolor":"gray","arrowhead":3,"arrowsize":1,"arrowwidth":1,"ax":-0.6608662088316145,"axref":"x","ay":-0.25949998875660635,"ayref":"y","opacity":0.6,"showarrow":true,"x":0.024619585126334356,"xref":"x","y":0.17742142131019373,"yref":"y"},{"arrowcolor":"gray","arrowhead":3,"arrowsize":1,"arrowwidth":1,"ax":-0.6608662088316145,"axref":"x","ay":-0.25949998875660635,"ayref":"y","opacity":0.6,"showarrow":true,"x":0.5657246273692624,"xref":"x","y":-0.12760920001822498,"yref":"y"},{"arrowcolor":"gray","arrowhead":3,"arrowsize":1,"arrowwidth":1,"ax":-0.6608662088316145,"axref":"x","ay":-0.25949998875660635,"ayref":"y","opacity":0.6,"showarrow":true,"x":0.4429926898097049,"xref":"x","y":0.7010836383005538,"yref":"y"},{"arrowcolor":"gray","arrowhead":3,"arrowsize":1,"arrowwidth":1,"ax":-0.6608662088316145,"axref":"x","ay":-0.25949998875660635,"ayref":"y","opacity":0.6,"showarrow":true,"x":0.533423532258036,"xref":"x","y":-0.988493011514228,"yref":"y"},{"arrowcolor":"gray","arrowhead":3,"arrowsize":1,"arrowwidth":1,"ax":-0.6608662088316145,"axref":"x","ay":-0.25949998875660635,"ayref":"y","opacity":0.6,"showarrow":true,"x":-0.6115775591179159,"xref":"x","y":0.2961630537648191,"yref":"y"},{"arrowcolor":"gray","arrowhead":3,"arrowsize":1,"arrowwidth":1,"ax":-0.6608662088316145,"axref":"x","ay":-0.25949998875660635,"ayref":"y","opacity":0.6,"showarrow":true,"x":0.14276141452938906,"xref":"x","y":0.9940695215860331,"yref":"y"},{"arrowcolor":"gray","arrowhead":3,"arrowsize":1,"arrowwidth":1,"ax":-0.6608662088316145,"axref":"x","ay":-0.25949998875660635,"ayref":"y","opacity":0.6,"showarrow":true,"x":-0.7112972621098032,"xref":"x","y":0.8992788019002059,"yref":"y"},{"arrowcolor":"gray","arrowhead":3,"arrowsize":1,"arrowwidth":1,"ax":-0.6608662088316145,"axref":"x","ay":-0.25949998875660635,"ayref":"y","opacity":0.6,"showarrow":true,"x":0.5180798369116695,"xref":"x","y":-0.47037982679973417,"yref":"y"},{"arrowcolor":"gray","arrowhead":3,"arrowsize":1,"arrowwidth":1,"ax":-0.6608662088316145,"axref":"x","ay":-0.25949998875660635,"ayref":"y","opacity":0.6,"showarrow":true,"x":-0.6608662088316145,"xref":"x","y":-0.25949998875660635,"yref":"y"},{"arrowcolor":"gray","arrowhead":3,"arrowsize":1,"arrowwidth":1,"ax":-0.06702792264647989,"axref":"x","ay":-0.0361339171157604,"ayref":"y","opacity":0.6,"showarrow":true,"x":0.024619585126334356,"xref":"x","y":0.17742142131019373,"yref":"y"},{"arrowcolor":"gray","arrowhead":3,"arrowsize":1,"arrowwidth":1,"ax":-0.06702792264647989,"axref":"x","ay":-0.0361339171157604,"ayref":"y","opacity":0.6,"showarrow":true,"x":-0.06702792264647989,"xref":"x","y":-0.0361339171157604,"yref":"y"},{"arrowcolor":"gray","arrowhead":3,"arrowsize":1,"arrowwidth":1,"ax":-0.06702792264647989,"axref":"x","ay":-0.0361339171157604,"ayref":"y","opacity":0.6,"showarrow":true,"x":-0.30641473393356694,"xref":"x","y":-0.5905260976306941,"yref":"y"},{"arrowcolor":"gray","arrowhead":3,"arrowsize":1,"arrowwidth":1,"ax":-0.06702792264647989,"axref":"x","ay":-0.0361339171157604,"ayref":"y","opacity":0.6,"showarrow":true,"x":0.14276141452938906,"xref":"x","y":0.9940695215860331,"yref":"y"},{"arrowcolor":"gray","arrowhead":3,"arrowsize":1,"arrowwidth":1,"ax":-0.06702792264647989,"axref":"x","ay":-0.0361339171157604,"ayref":"y","opacity":0.6,"showarrow":true,"x":-0.40788414817798296,"xref":"x","y":0.6262399174600529,"yref":"y"},{"arrowcolor":"gray","arrowhead":3,"arrowsize":1,"arrowwidth":1,"ax":-0.06702792264647989,"axref":"x","ay":-0.0361339171157604,"ayref":"y","opacity":0.6,"showarrow":true,"x":-0.6115775591179159,"xref":"x","y":0.2961630537648191,"yref":"y"},{"arrowcolor":"gray","arrowhead":3,"arrowsize":1,"arrowwidth":1,"ax":-0.06702792264647989,"axref":"x","ay":-0.0361339171157604,"ayref":"y","opacity":0.6,"showarrow":true,"x":-0.7112972621098032,"xref":"x","y":0.8992788019002059,"yref":"y"},{"arrowcolor":"gray","arrowhead":3,"arrowsize":1,"arrowwidth":1,"ax":-0.06702792264647989,"axref":"x","ay":-0.0361339171157604,"ayref":"y","opacity":0.6,"showarrow":true,"x":0.5657246273692624,"xref":"x","y":-0.12760920001822498,"yref":"y"},{"arrowcolor":"gray","arrowhead":3,"arrowsize":1,"arrowwidth":1,"ax":-0.06702792264647989,"axref":"x","ay":-0.0361339171157604,"ayref":"y","opacity":0.6,"showarrow":true,"x":-0.40854021932556955,"xref":"x","y":-0.22161431248661012,"yref":"y"},{"arrowcolor":"gray","arrowhead":3,"arrowsize":1,"arrowwidth":1,"ax":-0.06702792264647989,"axref":"x","ay":-0.0361339171157604,"ayref":"y","opacity":0.6,"showarrow":true,"x":0.4429926898097049,"xref":"x","y":0.7010836383005538,"yref":"y"},{"arrowcolor":"gray","arrowhead":3,"arrowsize":1,"arrowwidth":1,"ax":-0.06702792264647989,"axref":"x","ay":-0.0361339171157604,"ayref":"y","opacity":0.6,"showarrow":true,"x":0.533423532258036,"xref":"x","y":-0.988493011514228,"yref":"y"},{"arrowcolor":"gray","arrowhead":3,"arrowsize":1,"arrowwidth":1,"ax":-0.06702792264647989,"axref":"x","ay":-0.0361339171157604,"ayref":"y","opacity":0.6,"showarrow":true,"x":-0.6608662088316145,"xref":"x","y":-0.25949998875660635,"yref":"y"},{"arrowcolor":"gray","arrowhead":3,"arrowsize":1,"arrowwidth":1,"ax":-0.06702792264647989,"axref":"x","ay":-0.0361339171157604,"ayref":"y","opacity":0.6,"showarrow":true,"x":0.9460063681385369,"xref":"x","y":-1.0,"yref":"y"},{"arrowcolor":"gray","arrowhead":3,"arrowsize":1,"arrowwidth":1,"ax":0.024619585126334356,"axref":"x","ay":0.17742142131019373,"ayref":"y","opacity":0.6,"showarrow":true,"x":0.024619585126334356,"xref":"x","y":0.17742142131019373,"yref":"y"},{"arrowcolor":"gray","arrowhead":3,"arrowsize":1,"arrowwidth":1,"ax":0.024619585126334356,"axref":"x","ay":0.17742142131019373,"ayref":"y","opacity":0.6,"showarrow":true,"x":-0.06702792264647989,"xref":"x","y":-0.0361339171157604,"yref":"y"},{"arrowcolor":"gray","arrowhead":3,"arrowsize":1,"arrowwidth":1,"ax":0.024619585126334356,"axref":"x","ay":0.17742142131019373,"ayref":"y","opacity":0.6,"showarrow":true,"x":-0.40788414817798296,"xref":"x","y":0.6262399174600529,"yref":"y"},{"arrowcolor":"gray","arrowhead":3,"arrowsize":1,"arrowwidth":1,"ax":0.024619585126334356,"axref":"x","ay":0.17742142131019373,"ayref":"y","opacity":0.6,"showarrow":true,"x":0.14276141452938906,"xref":"x","y":0.9940695215860331,"yref":"y"},{"arrowcolor":"gray","arrowhead":3,"arrowsize":1,"arrowwidth":1,"ax":0.024619585126334356,"axref":"x","ay":0.17742142131019373,"ayref":"y","opacity":0.6,"showarrow":true,"x":-0.30641473393356694,"xref":"x","y":-0.5905260976306941,"yref":"y"},{"arrowcolor":"gray","arrowhead":3,"arrowsize":1,"arrowwidth":1,"ax":0.024619585126334356,"axref":"x","ay":0.17742142131019373,"ayref":"y","opacity":0.6,"showarrow":true,"x":-0.6115775591179159,"xref":"x","y":0.2961630537648191,"yref":"y"},{"arrowcolor":"gray","arrowhead":3,"arrowsize":1,"arrowwidth":1,"ax":0.024619585126334356,"axref":"x","ay":0.17742142131019373,"ayref":"y","opacity":0.6,"showarrow":true,"x":0.5657246273692624,"xref":"x","y":-0.12760920001822498,"yref":"y"},{"arrowcolor":"gray","arrowhead":3,"arrowsize":1,"arrowwidth":1,"ax":0.024619585126334356,"axref":"x","ay":0.17742142131019373,"ayref":"y","opacity":0.6,"showarrow":true,"x":-0.40854021932556955,"xref":"x","y":-0.22161431248661012,"yref":"y"},{"arrowcolor":"gray","arrowhead":3,"arrowsize":1,"arrowwidth":1,"ax":0.024619585126334356,"axref":"x","ay":0.17742142131019373,"ayref":"y","opacity":0.6,"showarrow":true,"x":0.533423532258036,"xref":"x","y":-0.988493011514228,"yref":"y"},{"arrowcolor":"gray","arrowhead":3,"arrowsize":1,"arrowwidth":1,"ax":0.024619585126334356,"axref":"x","ay":0.17742142131019373,"ayref":"y","opacity":0.6,"showarrow":true,"x":0.4429926898097049,"xref":"x","y":0.7010836383005538,"yref":"y"},{"arrowcolor":"gray","arrowhead":3,"arrowsize":1,"arrowwidth":1,"ax":0.024619585126334356,"axref":"x","ay":0.17742142131019373,"ayref":"y","opacity":0.6,"showarrow":true,"x":-0.7112972621098032,"xref":"x","y":0.8992788019002059,"yref":"y"},{"arrowcolor":"gray","arrowhead":3,"arrowsize":1,"arrowwidth":1,"ax":0.024619585126334356,"axref":"x","ay":0.17742142131019373,"ayref":"y","opacity":0.6,"showarrow":true,"x":-0.6608662088316145,"xref":"x","y":-0.25949998875660635,"yref":"y"},{"arrowcolor":"gray","arrowhead":3,"arrowsize":1,"arrowwidth":1,"ax":0.024619585126334356,"axref":"x","ay":0.17742142131019373,"ayref":"y","opacity":0.6,"showarrow":true,"x":0.9460063681385369,"xref":"x","y":-1.0,"yref":"y"}],"plot_bgcolor":"white","height":800}}